service_date,day_type,bus,rail_boardings,total_rides
2023-01-01,U,164489,140776,305265
2023-01-02,U,254124,165797,419921
2023-01-03,W,383247,275846,659093
2023-01-04,W,398456,292474,690930
2023-01-05,W,384238,292708,676946
2023-01-06,W,371923,258636,630559
2023-01-07,A,272633,183930,456563
2023-01-08,U,209397,145377,354774
2023-01-09,W,449465,296803,746268
2023-01-10,W,499769,345615,845384
2023-01-11,W,499126,343468,842594
2023-01-12,W,474679,340171,814850
2023-01-13,W,443233,292169,735402
2023-01-14,A,288502,201672,490174
2023-01-15,U,220389,154138,374527
2023-01-16,W,295880,196321,492201
2023-01-17,W,496926,344762,841688
2023-01-18,W,495410,346875,842285
2023-01-19,W,479283,347238,826521
2023-01-20,W,457848,296350,754198
2023-01-21,A,285487,196802,482289
2023-01-22,U,201809,140538,342347
2023-01-23,W,468304,307836,776140
2023-01-24,W,505791,355136,860927
2023-01-25,W,462648,337076,799724
2023-01-26,W,484428,350067,834495
2023-01-27,W,435531,290048,725579
2023-01-28,A,270454,190883,461337
2023-01-29,U,199420,144673,344093
2023-01-30,W,420711,284230,704941
2023-01-31,W,428116,311121,739237
2023-02-01,W,488390,332706,821096
2023-02-02,W,488230,339244,827474
2023-02-03,W,367206,247871,615077
2023-02-04,A,295858,188543,484401
2023-02-05,U,228506,147681,376187
2023-02-06,W,489061,304675,793736
2023-02-07,W,512128,348998,861126
2023-02-08,W,517223,348441,865664
2023-02-09,W,456891,326676,783567
2023-02-10,W,480757,289003,769760
2023-02-11,A,305427,182401,487828
2023-02-12,U,228971,139964,368935
2023-02-13,W,477325,298814,776139
2023-02-14,W,510605,355572,866177
2023-02-15,W,498251,346762,845013
2023-02-16,W,450939,324574,775513
2023-02-17,W,447365,297527,744892
2023-02-18,A,307618,213471,521089
2023-02-19,U,241433,167599,409032
2023-02-20,W,371110,251523,622633
2023-02-21,W,512268,349053,861321
2023-02-22,W,445175,320183,765358
2023-02-23,W,500377,349987,850364
2023-02-24,W,468093,303528,771621
2023-02-25,A,313877,199947,513824
2023-02-26,U,246373,152718,399091
2023-02-27,W,438886,284156,723042
2023-02-28,W,516342,350093,866435
2023-03-01,W,538035,357399,895434
2023-03-02,W,505862,352552,858414
2023-03-03,W,441984,285055,727039
2023-03-04,A,332481,209545,542026
2023-03-05,U,246208,156086,402294
2023-03-06,W,470524,303195,773719
2023-03-07,W,528413,362941,891354
2023-03-08,W,521850,359517,881367
2023-03-09,W,498577,352220,850797
2023-03-10,W,466305,312533,778838
2023-03-11,A,326961,340919,667880
2023-03-12,U,215765,159274,375039
2023-03-13,W,459265,307389,766654
2023-03-14,W,524325,366497,890822
2023-03-15,W,535449,367880,903329
2023-03-16,W,499382,360728,860110
2023-03-17,W,435055,319561,754616
2023-03-18,A,284653,199267,483920
2023-03-19,U,238907,157695,396602
2023-03-20,W,478059,300593,778652
2023-03-21,W,510959,347098,858057
2023-03-22,W,499380,340260,839640
2023-03-23,W,489519,342562,832081
2023-03-24,W,475520,306297,781817
2023-03-25,A,287548,202198,489746
2023-03-26,U,222855,179536,402391
2023-03-27,W,493436,320115,813551
2023-03-28,W,521594,365749,887343
2023-03-29,W,470430,353192,823622
2023-03-30,W,517477,388264,905741
2023-03-31,W,467904,309609,777513
2023-04-01,A,315267,235235,550502
2023-04-02,U,261251,191192,452443
2023-04-03,W,439537,304009,743546
2023-04-04,W,428000,325448,753448
2023-04-05,W,438936,335701,774637
2023-04-06,W,459977,353018,812995
2023-04-07,W,419926,312653,732579
2023-04-08,A,333736,244038,577774
2023-04-09,U,237320,168475,405795
2023-04-10,W,492576,324608,817184
2023-04-11,W,539533,388288,927821
2023-04-12,W,516841,388965,905806
2023-04-13,W,541076,386440,927516
2023-04-14,W,518497,353807,872304
2023-04-15,A,360082,254964,615046
2023-04-16,U,229968,157603,387571
2023-04-17,W,458530,310077,768607
2023-04-18,W,523866,378471,902337
2023-04-19,W,527267,380103,907370
2023-04-20,W,516298,393967,910265
2023-04-21,W,505681,360742,866423
2023-04-22,A,329493,240134,569627
2023-04-23,U,245927,174185,420112
2023-04-24,W,502642,328298,830940
2023-04-25,W,516696,378228,894924
2023-04-26,W,539161,388688,927849
2023-04-27,W,532971,395661,928632
2023-04-28,W,503332,340242,843574
2023-04-29,A,331120,224434,555554
2023-04-30,U,238929,165311,404240
2023-05-01,W,482348,315630,797978
2023-05-02,W,530573,372211,902784
2023-05-03,W,555155,381538,936693
2023-05-04,W,542958,391265,934223
2023-05-05,W,518792,367635,886427
2023-05-06,A,354490,259476,613966
2023-05-07,U,281403,198280,479683
2023-05-08,W,469174,325860,795034
2023-05-09,W,548033,396388,944421
2023-05-10,W,544618,397870,942488
2023-05-11,W,533940,384804,918744
2023-05-12,W,481927,328362,810289
2023-05-13,A,344247,221075,565322
2023-05-14,U,233363,156364,389727
2023-05-15,W,486638,320403,807041
2023-05-16,W,533948,384145,918093
2023-05-17,W,527429,382604,910033
2023-05-18,W,525435,390005,915440
2023-05-19,W,486435,337006,823441
2023-05-20,A,354750,241214,595964
2023-05-21,U,273007,193053,466060
2023-05-22,W,499608,333292,832900
2023-05-23,W,537810,406630,944440
2023-05-24,W,535858,401039,936897
2023-05-25,W,528009,395099,923108
2023-05-26,W,497832,356184,854016
2023-05-27,A,340968,290957,631925
2023-05-28,U,273385,247157,520542
2023-05-29,U,269683,209702,479385
2023-05-30,W,517974,382375,900349
2023-05-31,W,517111,389469,906580
2023-06-01,W,544178,393187,937365
2023-06-02,W,514354,386122,900476
2023-06-03,A,371914,300646,672560
2023-06-04,U,278304,238509,516813
2023-06-05,W,511045,350028,861073
2023-06-06,W,522067,389250,911317
2023-06-07,W,535180,390851,926031
2023-06-08,W,493065,387473,880538
2023-06-09,W,476837,381247,858084
2023-06-10,A,379556,320326,699882
2023-06-11,U,239715,193563,433278
2023-06-12,W,457944,327050,784994
2023-06-13,W,450859,375000,825859
2023-06-14,W,493401,392696,886097
2023-06-15,W,482965,398441,881406
2023-06-16,W,453530,361553,815083
2023-06-17,A,372865,295909,668774
2023-06-18,U,272736,221073,493809
2023-06-19,W,384578,261569,646147
2023-06-20,W,488457,375171,863628
2023-06-21,W,495689,401487,897176
2023-06-22,W,486237,402155,888392
2023-06-23,W,469905,383443,853348
2023-06-24,A,369643,298557,668200
2023-06-25,U,258229,295714,553943
2023-06-26,W,445453,323554,769007
2023-06-27,W,496729,395754,892483
2023-06-28,W,496731,392034,888765
2023-06-29,W,470303,393963,864266
2023-06-30,W,473836,378120,851956
2023-07-01,A,335143,311337,646480
2023-07-02,U,170177,192380,362557
2023-07-03,W,444738,293378,738116
2023-07-04,U,281675,195858,477533
2023-07-05,W,448241,324432,772673
2023-07-06,W,495284,375201,870485
2023-07-07,W,479367,347499,826866
2023-07-08,A,352631,259570,612201
2023-07-09,U,281445,205204,486649
2023-07-10,W,485647,330776,816423
2023-07-11,W,483040,372976,856016
2023-07-12,W,443121,354104,797225
2023-07-13,W,505564,394862,900426
2023-07-14,W,476443,373807,850250
2023-07-15,A,359874,287408,647282
2023-07-16,U,281420,234238,515658
2023-07-17,W,480822,349113,829935
2023-07-18,W,512122,398713,910835
2023-07-19,W,515105,402686,917791
2023-07-20,W,502681,414002,916683
2023-07-21,W,485225,389288,874513
2023-07-22,A,360932,312905,673837
2023-07-23,U,288305,247161,535466
2023-07-24,W,474506,338496,813002
2023-07-25,W,508517,383391,891908
2023-07-26,W,478350,371278,849628
2023-07-27,W,502581,385163,887744
2023-07-28,W,446842,334517,781359
2023-07-29,A,364824,286441,651265
2023-07-30,U,285496,219936,505432
2023-07-31,W,469024,334195,803219
2023-08-01,W,528437,389535,917972
2023-08-02,W,519583,423358,942941
2023-08-03,W,521191,480968,1002159
2023-08-04,W,493321,456039,949360
2023-08-05,A,338701,346075,684776
2023-08-06,U,264872,298188,563060
2023-08-07,W,467465,346627,814092
2023-08-08,W,508824,388916,897740
2023-08-09,W,501770,394563,896333
2023-08-10,W,506343,383545,889888
2023-08-11,W,472150,370307,842457
2023-08-12,A,370464,315090,685554
2023-08-13,U,279218,225085,504303
2023-08-14,W,408865,290559,699424
2023-08-15,W,500013,382517,882530
2023-08-16,W,518485,390193,908678
2023-08-17,W,484256,366327,850583
2023-08-18,W,490626,366654,857280
2023-08-19,A,381458,303336,684794
2023-08-20,U,296344,239159,535503
2023-08-21,W,551302,343866,895168
2023-08-22,W,564653,390141,954794
2023-08-23,W,531763,365111,896874
2023-08-24,W,501750,365055,866805
2023-08-25,W,553276,375055,928331
2023-08-26,A,361538,273589,635127
2023-08-27,U,289983,218533,508516
2023-08-28,W,567171,371199,938370
2023-08-29,W,585643,418817,1004460
2023-08-30,W,589901,420080,1009981
2023-08-31,W,579376,413083,992459
2023-09-01,W,585674,386812,972486
2023-09-02,A,384728,291029,675757
2023-09-03,U,309758,248524,558282
2023-09-04,U,293106,220411,513517
2023-09-05,W,586167,409043,995210
2023-09-06,W,578259,425429,1003688
2023-09-07,W,597711,442432,1040143
2023-09-08,W,555213,397332,952545
2023-09-09,A,385592,323033,708625
2023-09-10,U,297306,247808,545114
2023-09-11,W,504742,356445,861187
2023-09-12,W,603242,432403,1035645
2023-09-13,W,593103,431950,1025053
2023-09-14,W,587439,437320,1024759
2023-09-15,W,566708,432176,998884
2023-09-16,A,352049,340865,692914
2023-09-17,U,252015,219746,471761
2023-09-18,W,560810,382031,942841
2023-09-19,W,555949,432367,988316
2023-09-20,W,599268,447165,1046433
2023-09-21,W,581536,449600,1031136
2023-09-22,W,525718,400937,926655
2023-09-23,A,381816,312772,694588
2023-09-24,U,290336,234578,524914
2023-09-25,W,552311,370891,923202
2023-09-26,W,565172,416619,981791
2023-09-27,W,583749,427267,1011016
2023-09-28,W,597723,437574,1035297
2023-09-29,W,578054,401168,979222
2023-09-30,A,391173,301206,692379
2023-10-01,U,303953,229368,533321
2023-10-02,W,576630,378334,954964
2023-10-03,W,619488,434467,1053955
2023-10-04,W,610623,445787,1056410
2023-10-05,W,584937,447707,1032644
2023-10-06,W,559485,428321,987806
2023-10-07,A,386990,334134,721124
2023-10-08,U,253021,403385,656406
2023-10-09,W,452540,366694,819234
2023-10-10,W,601129,443465,1044594
2023-10-11,W,598019,442594,1040613
2023-10-12,W,567954,433731,1001685
2023-10-13,W,519462,373986,893448
2023-10-14,A,338320,266624,604944
2023-10-15,U,293753,222768,516521
2023-10-16,W,551971,374520,926491
2023-10-17,W,587256,440241,1027497
2023-10-18,W,595182,439266,1034448
2023-10-19,W,579587,433975,1013562
2023-10-20,W,562941,395292,958233
2023-10-21,A,364186,309900,674086
2023-10-22,U,288942,219804,508746
2023-10-23,W,555068,379650,934718
2023-10-24,W,598773,434867,1033640
2023-10-25,W,570560,426962,997522
2023-10-26,W,535013,412606,947619
2023-10-27,W,503840,373004,876844
2023-10-28,A,360484,275006,635490
2023-10-29,U,250473,185823,436296
2023-10-30,W,551840,367453,919293
2023-10-31,W,520069,390110,910179
2023-11-01,W,576336,410084,986420
2023-11-02,W,579094,419780,998874
2023-11-03,W,563943,373412,937355
2023-11-04,A,401704,280222,681926
2023-11-05,U,296526,200577,497103
2023-11-06,W,568672,375471,944143
2023-11-07,W,588549,424318,1012867
2023-11-08,W,578329,422082,1000411
2023-11-09,W,588110,454074,1042184
2023-11-10,W,461731,351382,813113
2023-11-11,A,354671,266284,620955
2023-11-12,U,294251,195035,489286
2023-11-13,W,558320,370511,928831
2023-11-14,W,581009,424128,1005137
2023-11-15,W,587609,422609,1010218
2023-11-16,W,580758,415406,996164
2023-11-17,W,544624,418827,963451
2023-11-18,A,348044,315864,663908
2023-11-19,U,278346,201431,479777
2023-11-20,W,472022,334103,806125
2023-11-21,W,465329,339605,804934
2023-11-22,W,443954,298121,742075
2023-11-23,U,187931,128326,316257
2023-11-24,W,323157,227199,550356
2023-11-25,A,310164,213175,523339
2023-11-26,U,219912,160320,380232
2023-11-27,W,505729,325992,831721
2023-11-28,W,522935,368618,891553
2023-11-29,W,553418,387126,940544
2023-11-30,W,559855,396342,956197
2023-12-01,W,513523,339748,853271
2023-12-02,A,358919,260456,619375
2023-12-03,U,268845,172945,441790
2023-12-04,W,537917,337666,875583
2023-12-05,W,556584,384481,941065
2023-12-06,W,572732,389802,962534
2023-12-07,W,580504,404303,984807
2023-12-08,W,561665,372605,934270
2023-12-09,A,369433,283097,652530
2023-12-10,U,264202,196318,460520
2023-12-11,W,517482,326238,843720
2023-12-12,W,556451,378617,935068
2023-12-13,W,559461,378896,938357
2023-12-14,W,558905,384778,943683
2023-12-15,W,535654,351722,887376
2023-12-16,A,321951,230799,552750
2023-12-17,U,271335,184885,456220
2023-12-18,W,498940,306545,805485
2023-12-19,W,527927,342290,870217
2023-12-20,W,540890,343581,884471
2023-12-21,W,519383,325377,844760
2023-12-22,W,418720,267301,686021
2023-12-23,A,341975,206358,548333
2023-12-24,U,247277,141693,388970
2023-12-25,U,145433,80206,225639
2023-12-26,W,360458,208665,569123
2023-12-27,W,403147,252136,655283
2023-12-28,W,392855,253397,646252
2023-12-29,W,415822,261610,677432
2023-12-30,A,340207,212901,553108
2023-12-31,U,250204,187144,437348
2024-01-01,U,205964,152767,358731
2024-01-02,W,417384,278216,695600
2024-01-03,W,451613,307037,758650
2024-01-04,W,460277,317437,777714
2024-01-05,W,445488,280897,726385
2024-01-06,A,308872,196983,505855
2024-01-07,U,249187,152158,401345
2024-01-08,W,517198,326817,844015
2024-01-09,W,478685,330005,808690
2024-01-10,W,548560,369768,918328
2024-01-11,W,552911,377922,930833
2024-01-12,W,368347,239249,607596
2024-01-13,A,286037,183824,469861
2024-01-14,U,146724,93057,239781
2024-01-15,W,206791,127069,333860
2024-01-16,W,280514,185903,466417
2024-01-17,W,466850,322741,789591
2024-01-18,W,521058,362414,883472
2024-01-19,W,462986,293650,756636
2024-01-20,A,301556,191705,493261
2024-01-21,U,227288,147028,374316
2024-01-22,W,518106,336751,854857
2024-01-23,W,521585,369664,891249
2024-01-24,W,549204,389714,938918
2024-01-25,W,554313,390971,945284
2024-01-26,W,534739,329826,864565
2024-01-27,A,349068,222033,571101
2024-01-28,U,255458,158081,413539
2024-01-29,W,545769,340556,886325
2024-01-30,W,571297,388718,960015
2024-01-31,W,579236,389322,968558
2024-02-01,W,601932,393012,994944
2024-02-02,W,558905,329307,888212
2024-02-03,A,372165,230410,602575
2024-02-04,U,274654,168339,442993
2024-02-05,W,558625,339256,897881
2024-02-06,W,595983,390513,986496
2024-02-07,W,595233,389227,984460
2024-02-08,W,584729,391355,976084
2024-02-09,W,515769,333453,849222
2024-02-10,A,373420,231891,605311
2024-02-11,U,277432,165836,443268
2024-02-12,W,534181,325070,859251
2024-02-13,W,598961,395880,994841
2024-02-14,W,595347,397294,992641
2024-02-15,W,568392,387472,955864
2024-02-16,W,533701,325332,859033
2024-02-17,A,340993,224306,565299
2024-02-18,U,280002,189881,469883
2024-02-19,W,417871,271357,689228
2024-02-20,W,591252,389327,980579
2024-02-21,W,600241,395915,996156
2024-02-22,W,587867,396466,984333
2024-02-23,W,551392,336416,887808
2024-02-24,A,345189,225233,570422
2024-02-25,U,280214,175446,455660
2024-02-26,W,560355,347691,908046
2024-02-27,W,587359,392420,979779
2024-02-28,W,549028,375242,924270
2024-02-29,W,577283,386672,963955
2024-03-01,W,569569,335736,905305
2024-03-02,A,389713,252550,642263
2024-03-03,U,298601,184885,483486
2024-03-04,W,556051,334107,890158
2024-03-05,W,570139,383689,953828
2024-03-06,W,595103,393574,988677
2024-03-07,W,580398,390865,971263
2024-03-08,W,488443,314783,803226
2024-03-09,A,379680,245369,625049
2024-03-10,U,280181,178611,458792
2024-03-11,W,567851,351801,919652
2024-03-12,W,599389,411314,1010703
2024-03-13,W,597287,416180,1013467
2024-03-14,W,539322,393348,932670
2024-03-15,W,566639,386514,953153
2024-03-16,A,399006,499424,898430
2024-03-17,U,281004,206731,487735
2024-03-18,W,535201,346463,881664
2024-03-19,W,583292,396834,980126
2024-03-20,W,584856,392077,976933
2024-03-21,W,564484,383735,948219
2024-03-22,W,491011,318712,809723
2024-03-23,A,373194,249326,622520
2024-03-24,U,279349,206108,485457
2024-03-25,W,474355,319635,793990
2024-03-26,W,514563,359360,873923
2024-03-27,W,515194,364672,879866
2024-03-28,W,513043,374590,887633
2024-03-29,W,480044,313507,793551
2024-03-30,A,375490,244072,619562
2024-03-31,U,251600,158867,410467
2024-04-01,W,478962,333881,812843
2024-04-02,W,570490,393519,964009
2024-04-03,W,572710,395413,968123
2024-04-04,W,575373,401414,976787
2024-04-05,W,576732,375602,952334
2024-04-06,A,397658,286304,683962
2024-04-07,U,256839,185460,442299
2024-04-08,W,560623,352426,913049
2024-04-09,W,593688,400628,994316
2024-04-10,W,604655,405524,1010179
2024-04-11,W,557100,397195,954295
2024-04-12,W,582983,365492,948475
2024-04-13,A,412391,281343,693734
2024-04-14,U,327938,210780,538718
2024-04-15,W,588349,369259,957608
2024-04-16,W,599597,405400,1004997
2024-04-17,W,600084,408474,1008558
2024-04-18,W,606325,417750,1024075
2024-04-19,W,591814,383321,975135
2024-04-20,A,406861,279746,686607
2024-04-21,U,307107,203722,510829
2024-04-22,W,576206,353190,929396
2024-04-23,W,600004,410045,1010049
2024-04-24,W,599179,416815,1015994
2024-04-25,W,615343,428724,1044067
2024-04-26,W,554146,355278,909424
2024-04-27,A,419731,286199,705930
2024-04-28,U,293589,196481,490070
2024-04-29,W,556233,349857,906090
2024-04-30,W,632501,409097,1041598
2024-05-01,W,644438,416920,1061358
2024-05-02,W,600203,409105,1009308
2024-05-03,W,608085,388593,996678
2024-05-04,A,418067,299808,717875
2024-05-05,U,317248,226928,544176
2024-05-06,W,597540,379559,977099
2024-05-07,W,572181,412646,984827
2024-05-08,W,624927,443868,1068795
2024-05-09,W,569230,406557,975787
2024-05-10,W,591810,378284,970094
2024-05-11,A,416481,273276,689757
2024-05-12,U,318883,203067,521950
2024-05-13,W,550608,349237,899845
2024-05-14,W,598482,410254,1008736
2024-05-15,W,615430,419635,1035065
2024-05-16,W,601542,434466,1036008
2024-05-17,W,595193,402254,997447
2024-05-18,A,430341,315833,746174
2024-05-19,U,329129,250996,580125
2024-05-20,W,561715,366053,927768
2024-05-21,W,618559,443937,1062496
2024-05-22,W,621123,450124,1071247
2024-05-23,W,609570,457738,1067308
2024-05-24,W,557209,368883,926092
2024-05-25,A,420064,342285,762349
2024-05-26,U,279820,220267,500087
2024-05-27,U,306648,205186,511834
2024-05-28,W,585174,396139,981313
2024-05-29,W,612055,423439,1035494
2024-05-30,W,604848,424200,1029048
2024-05-31,W,590998,410904,1001902
2024-06-01,A,359226,257545,616771
2024-06-02,U,347275,256837,604112
2024-06-03,W,594326,377947,972273
2024-06-04,W,602909,443126,1046035
2024-06-05,W,602717,450039,1052756
2024-06-06,W,606273,440625,1046898
2024-06-07,W,538174,384835,923009
2024-06-08,A,388074,295372,683446
2024-06-09,U,338317,265680,603997
2024-06-10,W,521105,360674,881779
2024-06-11,W,556731,415884,972615
2024-06-12,W,576142,423834,999976
2024-06-13,W,541343,414773,956116
2024-06-14,W,536639,412548,949187
2024-06-15,A,421892,329557,751449
2024-06-16,U,314305,239123,553428
2024-06-17,W,500089,363300,863389
2024-06-18,W,551782,426829,978611
2024-06-19,W,482860,349203,832063
2024-06-20,W,548449,411020,959469
2024-06-21,W,539303,406032,945335
2024-06-22,A,430009,334791,764800
2024-06-23,U,333514,259057,592571
2024-06-24,W,535003,366575,901578
2024-06-25,W,537591,390929,928520
2024-06-26,W,586929,426272,1013201
2024-06-27,W,573982,434454,1008436
2024-06-28,W,519127,372226,891353
2024-06-29,A,426204,296659,722863
2024-06-30,U,332479,322925,655404
2024-07-01,W,556122,362056,918178
2024-07-02,W,554430,411251,965681
2024-07-03,W,575361,404738,980099
2024-07-04,U,319593,237409,557002
2024-07-05,W,472097,346546,818643
2024-07-06,A,400805,322596,723401
2024-07-07,U,304485,241639,546124
2024-07-08,W,523371,364702,888073
2024-07-09,W,543503,400891,944394
2024-07-10,W,560627,409640,970267
2024-07-11,W,569850,418692,988542
2024-07-12,W,548479,381120,929599
2024-07-13,A,424138,300881,725019
2024-07-14,U,303034,217483,520517
2024-07-15,W,514909,360359,875268
2024-07-16,W,565584,408295,973879
2024-07-17,W,579034,417491,996525
2024-07-18,W,563700,423510,987210
2024-07-19,W,536479,407254,943733
2024-07-20,A,415213,336971,752184
2024-07-21,U,336062,262703,598765
2024-07-22,W,536657,384948,921605
2024-07-23,W,563934,431681,995615
2024-07-24,W,574946,434300,1009246
2024-07-25,W,571492,427841,999333
2024-07-26,W,543502,393133,936635
2024-07-27,A,426551,328573,755124
2024-07-28,U,305854,225835,531689
2024-07-29,W,499487,347579,847066
2024-07-30,W,564465,418450,982915
2024-07-31,W,553120,451191,1004311
2024-08-01,W,554928,506493,1061421
2024-08-02,W,540073,474521,1014594
2024-08-03,A,424966,401995,826961
2024-08-04,U,330850,304125,634975
2024-08-05,W,501014,373023,874037
2024-08-06,W,536195,418245,954440
2024-08-07,W,572289,435129,1007418
2024-08-08,W,555177,415675,970852
2024-08-09,W,534634,407471,942105
2024-08-10,A,429880,355517,785397
2024-08-11,U,335905,277892,613797
2024-08-12,W,511004,367635,878639
2024-08-13,W,561949,432482,994431
2024-08-14,W,566338,414324,980662
2024-08-15,W,519903,391361,911264
2024-08-16,W,526888,392699,919587
2024-08-17,A,388616,312275,700891
2024-08-18,U,319383,253295,572678
2024-08-19,W,498548,335708,834256
2024-08-20,W,521241,361335,882576
2024-08-21,W,528372,364450,892822
2024-08-22,W,529364,377301,906665
2024-08-23,W,519640,368235,887875
2024-08-24,A,404561,296195,700756
2024-08-25,U,325668,239814,565482
2024-08-26,W,596306,376308,972614
2024-08-27,W,583649,409119,992768
2024-08-28,W,637588,442189,1079777
2024-08-29,W,644581,469123,1113704
2024-08-30,W,606824,417283,1024107
2024-08-31,A,428266,353476,781742
2024-09-01,U,344967,290763,635730
2024-09-02,U,325776,239695,565471
2024-09-03,W,654167,437190,1091357
2024-09-04,W,653220,454140,1107360
2024-09-05,W,644748,447217,1091965
2024-09-06,W,616701,434618,1051319
2024-09-07,A,409867,335343,745210
2024-09-08,U,320438,267262,587700
2024-09-09,W,618371,405350,1023721
2024-09-10,W,646216,451939,1098155
2024-09-11,W,655564,452664,1108228
2024-09-12,W,637736,454382,1092118
2024-09-13,W,610703,407861,1018564
2024-09-14,A,412078,324266,736344
2024-09-15,U,308413,257266,565679
2024-09-16,W,607976,412568,1020544
2024-09-17,W,651158,466890,1118048
2024-09-18,W,655614,467380,1122994
2024-09-19,W,652616,478448,1131064
2024-09-20,W,622603,444850,1067453
2024-09-21,A,433756,343362,777118
2024-09-22,U,271129,219586,490715
2024-09-23,W,613582,407176,1020758
2024-09-24,W,582939,434551,1017490
2024-09-25,W,669879,472330,1142209
2024-09-26,W,659106,474890,1133996
2024-09-27,W,564419,418093,982512
2024-09-28,A,384642,312755,697397
2024-09-29,U,312714,246922,559636
2024-09-30,W,619994,406220,1026214
2024-10-01,W,675858,457355,1133213
2024-10-02,W,663546,452173,1115719
2024-10-03,W,670461,454449,1124910
2024-10-04,W,619444,409598,1029042
2024-10-05,A,431370,318359,749729
2024-10-06,U,336190,248486,584676
2024-10-07,W,623133,406230,1029363
2024-10-08,W,652969,459661,1112630
2024-10-09,W,661361,467517,1128878
2024-10-10,W,650278,485221,1135499
2024-10-11,W,624145,456909,1081054
2024-10-12,A,427732,369877,797609
2024-10-13,U,280965,466771,747736
2024-10-14,W,486971,384342,871313
2024-10-15,W,582685,444249,1026934
2024-10-16,W,652964,462121,1115085
2024-10-17,W,650082,466090,1116172
2024-10-18,W,627426,413404,1040830
2024-10-19,A,425987,354109,780096
2024-10-20,U,321239,239392,560631
2024-10-21,W,619582,403752,1023334
2024-10-22,W,642373,451887,1094260
2024-10-23,W,653689,461471,1115160
2024-10-24,W,654696,465121,1119817
2024-10-25,W,611655,408835,1020490
2024-10-26,A,427475,296326,723801
2024-10-27,U,312965,215594,528559
2024-10-28,W,611041,389359,1000400
2024-10-29,W,652674,444706,1097380
2024-10-30,W,657942,451915,1109857
2024-10-31,W,605292,425596,1030888
2024-11-01,W,618998,381782,1000780
2024-11-02,A,410559,281277,691836
2024-11-03,U,267845,227887,495732
2024-11-04,W,553515,383217,936732
2024-11-05,W,519574,379110,898684
2024-11-06,W,631969,427995,1059964
2024-11-07,W,644506,450680,1095186
2024-11-08,W,601808,396291,998099
2024-11-09,A,391070,288855,679925
2024-11-10,U,306889,232420,539309
2024-11-11,W,556273,358572,914845
2024-11-12,W,640199,437888,1078087
2024-11-13,W,633647,434362,1068009
2024-11-14,W,620448,439564,1060012
2024-11-15,W,603141,397040,1000181
2024-11-16,A,399551,316374,715925
2024-11-17,U,308995,233733,542728
2024-11-18,W,565097,383053,948150
2024-11-19,W,639269,439683,1078952
2024-11-20,W,625498,428958,1054456
2024-11-21,W,539977,414493,954470
2024-11-22,W,583958,431451,1015409
2024-11-23,A,384030,340935,724965
2024-11-24,U,301518,222021,523539
2024-11-25,W,512387,344627,857014
2024-11-26,W,518470,356826,875296
2024-11-27,W,477247,308919,786166
2024-11-28,U,190991,132382,323373
2024-11-29,W,344005,224635,568640
2024-11-30,A,308864,217565,526429
2024-12-01,U,251107,175212,426319
2024-12-02,W,554092,349175,903267
2024-12-03,W,607733,405908,1013641
2024-12-04,W,600576,411039,1011615
2024-12-05,W,564481,401576,966057
2024-12-06,W,559457,371522,930979
2024-12-07,A,384908,286352,671260
2024-12-08,U,310160,216292,526452
2024-12-09,W,585535,364276,949811
2024-12-10,W,597740,406353,1004093
2024-12-11,W,580091,398016,978107
2024-12-12,W,481459,350852,832311
2024-12-13,W,521773,360766,882539
2024-12-14,A,347954,262799,610753
2024-12-15,U,277186,198006,475192
2024-12-16,W,551435,342529,893964
2024-12-17,W,582711,391307,974018
2024-12-18,W,577854,382314,960168
2024-12-19,W,552524,373795,926319
2024-12-20,W,509530,326711,836241
2024-12-21,A,346988,234439,581427
2024-12-22,U,271433,188272,459705
2024-12-23,W,425982,267754,693736
2024-12-24,W,341225,181487,522712
2024-12-25,U,146592,86287,232879
2024-12-26,W,366721,225335,592056
2024-12-27,W,394689,245475,640164
2024-12-28,A,348599,222891,571490
2024-12-29,U,231003,158657,389660
2024-12-30,W,447644,285475,733119
2024-12-31,W,386206,281447,667653
2025-01-01,U,225844,192904,418748
2025-01-02,W,458775,286815,745590
2025-01-03,W,470436,290712,761148
2025-01-04,A,342619,216349,558968
2025-01-05,U,260559,156598,417157
2025-01-06,W,514719,325537,840256
2025-01-07,W,578221,379515,957736
2025-01-08,W,585761,381427,967188
2025-01-09,W,585049,377231,962280
2025-01-10,W,531028,320065,851093
2025-01-11,A,373278,231993,605271
2025-01-12,U,270457,167566,438023
2025-01-13,W,560632,350428,911060
2025-01-14,W,580195,389994,970189
2025-01-15,W,590263,388077,978340
2025-01-16,W,622511,403599,1026110
2025-01-17,W,607549,359582,967131
2025-01-18,A,384014,241519,625533
2025-01-19,U,238638,149337,387975
2025-01-20,W,279669,168638,448307
2025-01-21,W,316922,213964,530886
2025-01-22,W,539021,355811,894832
2025-01-23,W,598113,389055,987168
2025-01-24,W,555584,324370,879954
2025-01-25,A,384469,234734,619203
2025-01-26,U,285407,171484,456891
2025-01-27,W,601896,354963,956859
2025-01-28,W,646008,407799,1053807
2025-01-29,W,649484,408844,1058328
2025-01-30,W,641234,404454,1045688
2025-01-31,W,543000,316913,859913
2025-02-01,A,407712,237678,645390
2025-02-02,U,302902,176382,479284
2025-02-03,W,606339,353604,959943
2025-02-04,W,645402,406443,1051845
2025-02-05,W,635406,401074,1036480
2025-02-06,W,609473,389270,998743
2025-02-07,W,607518,343179,950697
2025-02-08,A,384157,230997,615154
2025-02-09,U,305384,184140,489524
2025-02-10,W,610015,348496,958511
2025-02-11,W,647968,403018,1050986
2025-02-12,W,534498,331208,865706
2025-02-13,W,606722,385304,992026
2025-02-14,W,573008,335400,908408
2025-02-15,A,386605,240422,627027
2025-02-16,U,299024,181536,480560
2025-02-17,W,400615,244659,645274
2025-02-18,W,531736,333870,865606
2025-02-19,W,594850,372372,967222
2025-02-20,W,617425,389274,1006699
2025-02-21,W,596118,337263,933381
2025-02-22,A,406903,240475,647378
2025-02-23,U,307050,178392,485442
2025-02-24,W,624782,362175,986957
2025-02-25,W,627199,405412,1032611
2025-02-26,W,660497,406418,1066915
2025-02-27,W,664356,411692,1076048
2025-02-28,W,638990,361604,1000594
2025-03-01,A,417449,246424,663873
2025-03-02,U,317388,184554,501942
2025-03-03,W,625319,354348,979667
2025-03-04,W,629120,399036,1028156
2025-03-05,W,654088,406995,1061083
2025-03-06,W,671560,414203,1085763
2025-03-07,W,600283,344590,944873
2025-03-08,A,437194,264584,701778
2025-03-09,U,328363,197588,525951
2025-03-10,W,642632,380879,1023511
2025-03-11,W,678778,428526,1107304
2025-03-12,W,685975,431488,1117463
2025-03-13,W,685187,443842,1129029
2025-03-14,W,660184,426782,1086966
2025-03-15,A,459936,578528,1038464
2025-03-16,U,298358,217264,515622
2025-03-17,W,641760,397964,1039724
2025-03-18,W,683691,444142,1127833
2025-03-19,W,635916,419475,1055391
2025-03-20,W,648522,420015,1068537
2025-03-21,W,635894,374920,1010814
2025-03-22,A,431231,276414,707645
2025-03-23,U,297740,213829,511569
2025-03-24,W,536885,328513,865398
2025-03-25,W,586792,380398,967190
2025-03-26,W,595476,381973,977449
2025-03-27,W,572285,385280,957565
2025-03-28,W,558797,348709,907506
2025-03-29,A,426225,272473,698698
2025-03-30,U,310139,194212,504351
2025-03-31,W,569528,363874,933402
2025-04-01,W,640123,417811,1057934
2025-04-02,W,562307,384684,946991
2025-04-03,W,706537,448398,1154935
2025-04-04,W,655531,408483,1064014
2025-04-05,A,445037,336612,781649
2025-04-06,U,344926,234208,579134
2025-04-07,W,633704,384950,1018654
2025-04-08,W,654659,440394,1095053
2025-04-09,W,654492,432528,1087020
2025-04-10,W,661603,435867,1097470
2025-04-11,W,663376,399616,1062992
2025-04-12,A,462736,305232,767968
2025-04-13,U,349886,234292,584178
2025-04-14,W,658807,392199,1051006
2025-04-15,W,670860,441572,1112432
2025-04-16,W,693466,449648,1143114
2025-04-17,W,664953,447559,1112512
2025-04-18,W,573522,388980,962502
2025-04-19,A,434831,298128,732959
2025-04-20,U,307295,197946,505241
2025-04-21,W,615719,370290,986009
2025-04-22,W,682743,459783,1142526
2025-04-23,W,663110,458376,1121486
2025-04-24,W,693232,458764,1151996
2025-04-25,W,632561,409879,1042440
2025-04-26,A,463597,324508,788105
2025-04-27,U,358340,251485,609825
2025-04-28,W,665474,403776,1069250
2025-04-29,W,684590,451083,1135673
2025-04-30,W,673173,445816,1118989
2025-05-01,W,665584,447789,1113373
2025-05-02,W,667696,398588,1066284
2025-05-03,A,462238,298596,760834
2025-05-04,U,325938,212285,538223
2025-05-05,W,655835,409212,1065047
2025-05-06,W,696611,471735,1168346
2025-05-07,W,687937,469297,1157234
2025-05-08,W,678319,456161,1134480
2025-05-09,W,662444,408120,1070564
2025-05-10,A,464180,304816,768996
2025-05-11,U,344970,224894,569864
2025-05-12,W,632141,399002,1031143
2025-05-13,W,674740,459584,1134324
2025-05-14,W,676792,469275,1146067
2025-05-15,W,670398,455797,1126195
2025-05-16,W,655731,446648,1102379
2025-05-17,A,455837,351119,806956
2025-05-18,U,360197,291025,651222
2025-05-19,W,632753,400442,1033195
2025-05-20,W,596285,414254,1010539
2025-05-21,W,643463,435417,1078880
2025-05-22,W,660421,458127,1118548
2025-05-23,W,642179,407023,1049202
2025-05-24,A,449312,352134,801446
2025-05-25,U,357748,280409,638157
2025-05-26,U,350782,247930,598712
2025-05-27,W,650816,432469,1083285
2025-05-28,W,636696,443464,1080160
2025-05-29,W,667477,450747,1118224
2025-05-30,W,646031,426223,1072254
2025-05-31,A,464022,342068,806090
2025-06-01,U,354696,274853,629549
2025-06-02,W,651315,408540,1059855
2025-06-03,W,685304,459948,1145252
2025-06-04,W,616414,432355,1048769
2025-06-05,W,673762,467995,1141757
2025-06-06,W,651138,439491,1090629
2025-06-07,A,477562,357317,834879
2025-06-08,U,359710,273304,633014
2025-06-09,W,624412,403747,1028159
2025-06-10,W,655612,471254,1126866
2025-06-11,W,674938,468460,1143398
2025-06-12,W,655819,494741,1150560
2025-06-13,W,564232,434661,998893
2025-06-14,A,457053,445477,902530
2025-06-15,U,369158,279837,648995
2025-06-16,W,579527,387954,967481
2025-06-17,W,620233,475334,1095567
2025-06-18,W,549897,426656,976553
2025-06-19,W,539643,399059,938702
2025-06-20,W,589269,437543,1026812
2025-06-21,A,473807,362564,836371
2025-06-22,U,362280,272523,634803
2025-06-23,W,570365,380857,951222
2025-06-24,W,599119,433791,1032910
2025-06-25,W,625677,455201,1080878
2025-06-26,W,614512,481722,1096234
2025-06-27,W,593324,428848,1022172
2025-06-28,A,476323,347157,823480
2025-06-29,U,357530,331024,688554
2025-06-30,W,590108,385554,975662
2025-07-01,W,652608,461740,1114348
2025-07-02,W,629630,448830,1078460
2025-07-03,W,609341,435512,1044853
2025-07-04,U,366244,283915,650159
2025-07-05,A,430107,340772,770879
2025-07-06,U,335927,270905,606832
2025-07-07,W,600991,403250,1004241
2025-07-08,W,617880,447111,1064991
2025-07-09,W,628372,450426,1078798
2025-07-10,W,634428,458530,1092958
2025-07-11,W,584818,412182,997000
2025-07-12,A,470738,340047,810785
2025-07-13,U,368882,269248,638130
2025-07-14,W,600622,393820,994442
2025-07-15,W,636511,449385,1085896
2025-07-16,W,605163,443023,1048186
2025-07-17,W,621409,470736,1092145
2025-07-18,W,614017,471069,1085086
2025-07-19,A,447221,362224,809445
2025-07-20,U,362550,299545,662095
2025-07-21,W,603611,431476,1035087
2025-07-22,W,634982,489994,1124976
2025-07-23,W,619156,477607,1096763
2025-07-24,W,571166,435051,1006217
2025-07-25,W,553138,420908,974046
2025-07-26,A,443346,374114,817460
2025-07-27,U,367565,288486,656051
2025-07-28,W,563527,389510,953037
2025-07-29,W,613764,458261,1072025
2025-07-30,W,581194,477096,1058290
2025-07-31,W,620788,554424,1175212
2025-08-01,W,626124,542964,1169088
2025-08-02,A,481035,464316,945351
2025-08-03,U,373971,377437,751408
2025-08-04,W,583320,446058,1029378
2025-08-05,W,618490,483403,1101893
2025-08-06,W,615389,481335,1096724
2025-08-07,W,612000,464756,1076756
2025-08-08,W,587536,429046,1016582
2025-08-09,A,470881,351031,821912
2025-08-10,U,365955,281154,647109
2025-08-11,W,569387,398640,968027
2025-08-12,W,549342,427909,977251
2025-08-13,W,623327,456084,1079411
2025-08-14,W,618844,452988,1071832
2025-08-15,W,602922,462943,1065865
2025-08-16,A,456717,385469,842186
2025-08-17,U,377116,316775,693891
2025-08-18,W,617598,410564,1028162
2025-08-19,W,664674,481760,1146434
2025-08-20,W,686934,482944,1169878
2025-08-21,W,681067,492067,1173134
2025-08-22,W,660294,426849,1087143
2025-08-23,A,471307,341375,812682
2025-08-24,U,365984,271530,637514
2025-08-25,W,670572,417570,1088142
2025-08-26,W,695460,477392,1172852
2025-08-27,W,692677,484758,1177435
2025-08-28,W,686401,533270,1219671
2025-08-29,W,680405,489248,1169653
2025-08-30,A,465234,401830,867064
2025-08-31,U,385506,353202,738708
2025-09-01,U,372225,300248,672473
2025-09-02,W,695791,481324,1177115
2025-09-03,W,689262,482621,1171883
2025-09-04,W,700645,485295,1185940
2025-09-05,W,673122,469348,1142470
2025-09-06,A,455956,382576,838532
2025-09-07,U,357064,299209,656273
2025-09-08,W,664938,439636,1104574
2025-09-09,W,687645,485475,1173120
2025-09-10,W,695318,495963,1191281
2025-09-11,W,681871,500765,1182636
2025-09-12,W,666234,462050,1128284
2025-09-13,A,421457,332671,754128
2025-09-14,U,350343,276301,626644
2025-09-15,W,664100,446019,1110119
2025-09-16,W,688942,496717,1185659
2025-09-17,W,694761,500989,1195750
2025-09-18,W,694285,512054,1206339
2025-09-19,W,674243,485407,1159650
2025-09-20,A,445319,363583,808902
2025-09-21,U,357015,291395,648410
2025-09-22,W,666516,442484,1109000
2025-09-23,W,673622,498011,1171633
2025-09-24,W,700959,512386,1213345
2025-09-25,W,695282,530667,1225949
2025-09-26,W,614351,462671,1077022
2025-09-27,A,468349,367693,836042
2025-09-28,U,355700,279298,634998
2025-09-29,W,657970,433247,1091217
2025-09-30,W,690052,508219,1198271
2025-10-01,W,714964,514769,1229733
2025-10-02,W,690196,504178,1194374
2025-10-03,W,675874,439014,1114888
2025-10-04,A,462810,338258,801068
2025-10-05,U,353373,262217,615590
2025-10-06,W,654948,423223,1078171
2025-10-07,W,656234,469717,1125951
2025-10-08,W,699779,519969,1219748
2025-10-09,W,689150,541178,1230328
2025-10-10,W,659950,490395,1150345
2025-10-11,A,453038,413476,866514
2025-10-12,U,313881,557727,871608
2025-10-13,W,515678,414376,930054
2025-10-14,W,692393,497278,1189671
2025-10-15,W,666759,487505,1154264
2025-10-16,W,688365,503737,1192102
2025-10-17,W,649764,449582,1099346
2025-10-18,A,439065,452626,891691
2025-10-19,U,329001,253066,582067
2025-10-20,W,651558,432409,1083967
2025-10-21,W,654157,476293,1130450
2025-10-22,W,656744,473974,1130718
2025-10-23,W,663146,485055,1148201
2025-10-24,W,630708,425786,1056494
2025-10-25,A,443149,291053,734202
2025-10-26,U,355126,222282,577408
2025-10-27,W,589139,406067,995206
2025-10-28,W,674402,474511,1148913
2025-10-29,W,681235,477620,1158855
2025-10-30,W,685819,486576,1172395
2025-10-31,W,664859,442259,1107118
2025-11-01,A,425503,327617,753120
2025-11-02,U,331012,261115,592127
2025-11-03,W,665548,419744,1085292
2025-11-04,W,673038,464993,1138031
2025-11-05,W,673357,466429,1139786
2025-11-06,W,664491,471201,1135692
2025-11-07,W,650979,430612,1081591
2025-11-08,A,414216,305025,719241
2025-11-09,U,302361,219909,522270
2025-11-10,W,552135,376616,928751
2025-11-11,W,513364,395231,908595
2025-11-12,W,670402,473816,1144218
2025-11-13,W,664732,476480,1141212
2025-11-14,W,643173,426729,1069902
2025-11-15,A,447945,354593,802538
2025-11-16,U,332419,233468,565887
2025-11-17,W,640950,415711,1056661
2025-11-18,W,636407,464060,1100467
2025-11-19,W,662191,468628,1130819
2025-11-20,W,661684,467611,1129295
2025-11-21,W,640965,468037,1109002
2025-11-22,A,412805,363456,776261
2025-11-23,U,339913,247351,587264
2025-11-24,W,550755,381922,932677
2025-11-25,W,550524,387745,938269
2025-11-26,W,465776,309035,774811
2025-11-27,U,212762,132098,344860
2025-11-28,W,389505,249231,638736
2025-11-29,A,280784,211288,492072
2025-11-30,U,271575,188988,460563
2025-12-01,W,604355,381325,985680
2025-12-02,W,629538,440785,1070323
2025-12-03,W,648760,452833,1101593
2025-12-04,W,582248,424985,1007233
2025-12-05,W,596002,394923,990925
2025-12-06,A,349457,310919,660376
2025-12-07,U,295921,218452,514373
2025-12-08,W,603721,379510,983231
2025-12-09,W,636800,438491,1075291
2025-12-10,W,637423,434547,1071970
2025-12-11,W,629716,439175,1068891
2025-12-12,W,603670,396009,999679
2025-12-13,A,347547,258582,606129
2025-12-14,U,252339,180692,433031
2025-12-15,W,541081,336188,877269
2025-12-16,W,615002,411424,1026426
2025-12-17,W,636688,423583,1060271
2025-12-18,W,582363,396000,978363
2025-12-19,W,546060,345835,891895
2025-12-20,A,396429,282597,679026
2025-12-21,U,312184,206150,518334
2025-12-22,W,488902,307963,796865
2025-12-23,W,504239,308285,812524
2025-12-24,W,392531,200188,592719
2025-12-25,U,184004,97129,281133
2025-12-26,W,404406,225567,629973
2025-12-27,A,365180,220383,585563
2025-12-28,U,260640,162803,423443
2025-12-29,W,411259,263237,674496
2025-12-30,W,448472,290152,738624
2025-12-31,W,449613,289944,739557
2026-01-01,U,241782,193871,435653
2026-01-02,W,458255,266897,725152
2026-01-03,A,367490,224048,591538
2026-01-04,U,304696,187835,492531
2026-01-05,W,531936,338468,870404
2026-01-06,W,625421,395670,1021091
2026-01-07,W,639146,404037,1043183
2026-01-08,W,601327,396490,997817
2026-01-09,W,598950,349771,948721
2026-01-10,A,394664,262131,656795
2026-01-11,U,303604,185125,488729
2026-01-12,W,627327,375119,1002446
2026-01-13,W,659722,428301,1088023
2026-01-14,W,577865,409445,987310
2026-01-15,W,617491,416542,1034033
2026-01-16,W,581872,354351,936223
2026-01-17,A,366948,237089,604037
2026-01-18,U,287953,197529,485482
2026-01-19,W,319605,192340,511945
2026-01-20,W,586434,381984,968418
2026-01-21,W,632558,414434,1046992
2026-01-22,W,594942,396883,991825
2026-01-23,W,241720,145668,387388
2026-01-24,A,263971,156280,420251
2026-01-25,U,226408,154109,380517
2026-01-26,W,498891,309223,808114
2026-01-27,W,593424,393460,986884
2026-01-28,W,561816,396969,958785
2026-01-29,W,604117,401847,1005964
2026-01-30,W,569408,340882,910290
2026-01-31,A,370671,233048,603719
2026-02-01,U,306240,183186,489426
2026-02-02,W,614282,364184,978466
2026-02-03,W,663459,423650,1087109
2026-02-04,W,652700,420723,1073423
2026-02-05,W,638238,415242,1053480
2026-02-06,W,606602,354566,961168
2026-02-07,A,406313,248901,655214
2026-02-08,U,313435,182992,496427
2026-02-09,W,617302,359902,977204
2026-02-10,W,670567,426064,1096631
2026-02-11,W,670727,428818,1099545
2026-02-12,W,644978,417057,1062035
2026-02-13,W,643010,371703,1014713
2026-02-14,A,433835,287425,721260
2026-02-15,U,357737,224299,582036
2026-02-16,W,502042,305664,807706
2026-02-17,W,600520,409165,1009685
2026-02-18,W,680733,435487,1116220
2026-02-19,W,657096,428673,1085769
2026-02-20,W,597569,353219,950788
2026-02-21,A,400275,261821,662096
2026-02-22,U,298002,177621,475623
2026-02-23,W,600377,356212,956589
2026-02-24,W,642202,416203,1058405
2026-02-25,W,661102,425585,1086687
2026-02-26,W,644774,421868,1066642
2026-02-27,W,650668,380592,1031260
2026-02-28,A,416135,263047,679182
2026-03-01,U,326886,203933,530819
2026-03-02,W,627486,360058,987544
2026-03-03,W,668530,417616,1086146
2026-03-04,W,658701,424237,1082938
2026-03-05,W,648366,421818,1070184
2026-03-06,W,589975,356027,946002
2026-03-07,A,452680,248609,701289
2026-03-08,U,360240,193036,553276
2026-03-09,W,661043,392502,1053545
2026-03-10,W,637883,422603,1060486
2026-03-11,W,613371,421433,1034804
2026-03-12,W,675989,460185,1136174
2026-03-13,W,622701,419196,1041897
2026-03-14,A,444090,553359,997449
2026-03-15,U,297111,219029,516140
2026-03-16,W,567191,373439,940630
2026-03-17,W,583376,419010,1002386
2026-03-18,W,602749,423062,1025811
2026-03-19,W,672561,441647,1114208
2026-03-20,W,654441,391660,1046101
2026-03-21,A,471889,315594,787483
2026-03-22,U,299580,232111,531691
2026-03-23,W,535703,338133,873836
2026-03-24,W,564217,386435,950652
2026-03-25,W,589979,397051,987030
2026-03-26,W,541319,393264,934583
2026-03-27,W,543109,346088,889197
2026-03-28,A,435694,352741,788435
2026-03-29,U,352753,240934,593687
2026-03-30,W,674656,424832,1099488
2026-03-31,W,633486,442332,1075818
2026-04-01,W,684531,451016,1135547
2026-04-02,W,620278,419466,1039744
2026-04-03,W,590346,379889,970235
2026-04-04,A,426509,278404,704913
2026-04-05,U,334625,207280,541905
2026-04-06,W,652271,393504,1045775
2026-04-07,W,688145,450584,1138729
2026-04-08,W,694793,457780,1152573
2026-04-09,W,684531,457632,1142163
2026-04-10,W,643765,410306,1054071
2026-04-11,A,458730,330496,789226
2026-04-12,U,368788,250476,619264
2026-04-13,W,649252,397150,1046402
2026-04-14,W,662823,445919,1108742
2026-04-15,W,664108,447463,1111571
2026-04-16,W,669361,459456,1128817
2026-04-17,W,670050,424557,1094607
2026-04-18,A,456734,325338,782072
2026-04-19,U,352633,239192,591825
2026-04-20,W,663948,411525,1075473
2026-04-21,W,680882,468889,1149771
2026-04-22,W,694018,480559,1174577
2026-04-23,W,704867,480434,1185301
2026-04-24,W,648466,408638,1057104
2026-04-25,A,467308,330927,798235
2026-04-26,U,358682,238809,597491
2026-04-27,W,594496,366822,961318
2026-04-28,W,693327,450554,1143881
2026-04-29,W,683443,452132,1135575
2026-04-30,W,681298,449242,1130540
